{"cameraMode":{"drawMode":0,"name":"Shaded","section":"Shading Mode"},"sceneLighting":false,"audioPlay":false,"sceneViewState":{"m_AlwaysRefresh":false,"showFog":true,"showSkybox":false,"showFlares":true,"showImageEffects":true,"showParticleSystems":true,"showVisualEffectGraphs":true,"m_FxEnabled":true},"in2DMode":false,"pivot":{"x":1.0582886934280396,"y":1.5664371252059937,"z":0.517397940158844},"rotation":{"x":-0.1601008176803589,"y":-0.014216199517250061,"z":0.002306062262505293,"w":-0.9869959950447083},"size":1.3316755294799805,"orthographic":false}